<?xml version="1.0" encoding="UTF-8"?>
<model name="Selected Events" localized-name="Name of the Selected Events model" version="0.1" description="Selected Events view" source="APLSelectionSource" timerange="day" orientation="portrait" often-refresh-preview="yes">
	<defaults>
		<!-- float values -->
		<default type="float" name="large-margin" value="6.0"/>
		<default type="float" name="small-margin" value="3.0"/>
		<default type="float" name="global-width" value="5.5"/>
		<default type="float" name="thinline-width" value="0.25"/>
		
		<default type="float" name="left-margin" value="30.0"/>
		
		<default type="float" name="checkbox-size" value="global-width"/>
		
		<default type="float" name="mark-width" value="2*global-width"/>
		<default type="float" name="mark-height" value="global-width"/>
		
		<default type="float" name="alldayline-width" value="global-width"/>
		<default type="float" name="alldayline-height" value="3*alldayline-width"/>

		<!-- fonts -->
		<default type="float" name="base-text-size" value="7"/>
		<default type="float" name="additional-text-size" value="0"/>
		
		<default type="font" name="smalltext-font" font-name="LucidaGrande" font-size="base-text-size+additional-text-size"/>
		<default type="font" name="smallboldtext-font" font-name="LucidaGrande-Bold" font-size="base-text-size+additional-text-size"/>		
		<default type="font" name="smalltitle-font" font-name="LucidaGrande" font-size="7"/>
		<default type="font" name="mediumtitle-font" font-name="LucidaGrande-Bold" font-size="13"/>
		<default type="font" name="largetitle-font" font-name="LucidaGrande-Bold" font-size="24"/>
		
		<default type="font" name="minimonthheader-font" font-name="LucidaGrande-Bold" font-size="6"/>
		<default type="font" name="minimonthday-font" font-name="LucidaGrande" font-size="6"/>
		<default type="font" name="hour-font" font-name="LucidaGrande" font-size="7"/>
		
		<!-- colors -->
		<default type="color" name="global-text-color" red="0.0" green="0.0" blue="0.0"/>
		<default type="color" name="global-line-color" red="0.0" green="0.0" blue="0.0"/>
		
		<default type="color" name="minimonthtext-color" red="0.0" green="0.0" blue="0.0"/>
	</defaults>
	
	<options>		
		<group>
			<option type="checkbox" name="minimonth" string="Mini calendar" localized-string="Checkbox to show minimonth" element-name="minimonth-group" property="enabled" value="yes" tooltip="Select to print some months from the mini calendar" localized-tooltip="Tooltip for the show minimonths option"/>
			<option type="checkbox" name="calendars" string="Calendar keys" localized-string="Checkbox to show calendar keys" element-name="calendar-keys" property="enabled" value="yes" tooltip="Select to print the calendar keys" localized-tooltip="Tooltip for the show calendar keys option"/>
			<option type="blackandwhite" name="blackandwhite" string="Black and white" localized-string="Checkbox to print in black and white" value="0" tooltip="Select to print in black and white" localized-tooltip="Tooltip for the black and white option"/> 
		</group>
		<group>
			<option type="popupmenu" name="textsize" string="Text size:" localized-string="Text size popup menu" element-name="additional-text-size" property="value" value="0">
				<choice name="big" string="Big" localized-string="Text for big string in popup menu" value="4"/>
				<choice name="medium" string="Medium" localized-string="Text for medium string in popup menu" value="2"/>
				<choice name="small" string="Small" localized-string="Text for small string in popup menu" value="0"/>
			</option>
		</group>
	</options>
	
    <page-templates>
		<template name="root-template" version="0.1" entity-types="detail, detail/2">
			<elements>
				<group name="root-group" packer="root-packer">
					<group name="header-group" packer="header-packer" vertical-resizebehavior="can-grow:no">
						<group name="calendar-group" packer="calendar-packer" cangrow-vertically="yes">
							<element class="APLPHeaderElement" alignment="leftv" big-string="%{list-string}" small-string="%{date-string}"/>
							<element name="calendar-keys" class="APLPCalendarsElement"/>
						</group>
						<group name="minimonth-group" packer="minimonth-packer" vertical-resizebehavior="can-grow:no" horizontal-resizebehavior="can-grow:no">
							<element name="minimonth" class="APLPMiniMonthElement" variant="day"/>
							<element name="minimonth2" class="APLPMiniMonthElement" variant="month+1"/>
						</group>
					</group>
					
					<group class="APLPBorderedGroupElement" name="details-group" packer="content-packer" top="1">
						<list name="details-list" class="APLPBorderedGroupElement" right="1" element-class="APLPEntityDetailsElement" entity-type="detail" show-phonenumbers="yes" packer="details-packer"/>
						<list name="details-list" element-class="APLPEntityDetailsElement" entity-type="detail/2" packer="details-packer" show-phonenumbers="yes" always-visible="yes"/>
					</group>
					
					<group class="APLPBorderedGroupElement" top="1" packer="footer-packer" vertical-resizebehavior="can-grow:no">
						<element class="APLPFooterElement" name="footer" variant="week" left-string="%{timezone-string}" right-string="%page%"/>
					</group>
				</group>
			</elements>
				<packers>
					<packer name="content-packer">
						<constraint class="APLFillConstraint" orientation="vertical"/>
						<constraint class="APLDistributeConstraint" orientation="horizontal" interspace="0.0"/>
					</packer>
					<packer name="root-packer">
						<constraint class="APLFillConstraint" orientation="horizontal"/>
						<constraint class="APLDistributeConstraint" orientation="vertical"/>
					</packer>
					<packer name="details-packer">
						<constraint class="APLMarginConstraint" orientation="horizontal" margin="10.0"/>
						<constraint class="APLMarginConstraint" orientation="vertical" margin="10.0"/>
						<constraint class="APLFillConstraint" orientation="horizontal"/>
						<constraint class="APLStackConstraint" orientation="vertical" interspace="5.0" position="top"/>
					</packer>
					<packer name="header-packer">
					<constraint class="APLMarginConstraint" orientation="vertical" margin="10.0"/>
					<!--<constraint class="APLMarginConstraint" orientation="horizontal" margin="10.0"/>-->
					<constraint class="APLFillConstraint" orientation="vertical"/>
					<constraint class="APLDistributeConstraint" orientation="horizontal" interspace="10.0"/>
				</packer>
				<packer name="calendar-packer">
					<!--<constraint class="APLMarginConstraint" orientation="horizontal" margin="10.0"/>
					<constraint class="APLMarginConstraint" orientation="vertical" margin="10.0"/>-->
					<constraint class="APLFillConstraint" orientation="horizontal"/>
					<constraint class="APLDistributeConstraint" orientation="vertical" interspace="10.0"/>
				</packer>
				<packer name="minimonth-packer">
					<constraint class="APLFillConstraint" orientation="vertical"/>
					<constraint class="APLStackConstraint" orientation="horizontal" interspace="10.0"/>
				</packer>
				<packer name="footer-packer">
					<constraint class="APLMarginConstraint" orientation="vertical" margin="5.0"/>
					<constraint class="APLFillConstraint" orientation="vertical"/>
					<constraint class="APLFillConstraint" orientation="horizontal"/>
				</packer>
			</packers>
		</template>
	</page-templates>
	<packers>
		<packer name="fill-packer">
			<constraint class="APLFillConstraint" orientation="horizontal"/>
			<constraint class="APLFillConstraint" orientation="vertical"/>
		</packer>
		<packer name="center-packer">
			<constraint class="APLAlignConstraint" orientation="horizontal" position="center"/>
			<constraint class="APLAlignConstraint" orientation="vertical" position="center"/>
		</packer>
	</packers>
</model>
